accession_id,Dittberner_moleco18_Delta_13C,ClpX3_haplotypes
9950,-36.48829553,Minor
9906,-35.87141724,Minor
9899,-33.93271674,Minor
9898,-34.3624788,Minor
9892,-34.50211257,Minor
9886,-36.1968975,Minor
9885,-34.7681596,Minor
9874,-35.56385979,Minor
9870,-34.24603672,Minor
9866,-35.31154023,Minor
9858,-35.44901245,Minor
9850,-34.31703791,Minor
9844,-33.49521688,Minor
9836,-35.52848657,Minor
9820,-36.39325818,Minor
9601,-35.50022732,Minor
9596,-35.44287987,Minor
9595,-35.36629422,Minor
9594,-34.85797193,Minor
9588,-34.43667374,Minor
9587,-34.50326954,Minor
9577,-34.05128269,Minor
9573,-35.91250608,Minor
9568,-34.89966984,Minor
9564,-33.55260607,Minor
9561,-33.64856206,Minor
9558,-35.70736672,Minor
9557,-34.31625025,Minor
9547,-35.66836688,Minor
9540,-35.56066638,Minor
9539,-35.41032868,Minor
9535,-35.89282251,Minor
9528,-35.31503306,Minor
9525,-35.57177431,Minor
9521,-34.45688032,Minor
9520,-35.80058107,Minor
9519,-34.81872953,Minor
6971,-35.13353294,Minor
9949,-34.56486591,Major
9904,-36.30320267,Major
9902,-35.89549853,Major
9897,-36.51634643,Major
9895,-36.59647099,Major
9890,-37.2427909,Major
9888,-35.04018228,Major
9882,-36.07103688,Major
9881,-36.54008778,Major
9880,-36.61813587,Major
9878,-34.66031712,Major
9877,-34.67265904,Major
9868,-36.43683147,Major
9867,-36.47453082,Major
9864,-36.5824633,Major
9861,-35.59267975,Major
9857,-35.62080077,Major
9856,-36.78552516,Major
9855,-35.82282755,Major
9853,-38.04277914,Major
9852,-36.08316914,Major
9851,-37.0683258,Major
9849,-35.82843873,Major
9846,-35.43213517,Major
9843,-37.05816206,Major
9841,-35.35414222,Major
9840,-37.24084453,Major
9839,-37.07833705,Major
9834,-34.92742384,Major
9833,-36.44816742,Major
9826,-36.91644108,Major
9825,-35.50464334,Major
9824,-36.94636445,Major
9822,-36.74536533,Major
9821,-35.15303952,Major
9819,-36.93648195,Major
9602,-36.01359036,Major
9599,-37.25560242,Major
9597,-35.53948284,Major
9582,-33.94362089,Major
9581,-34.84632644,Major
9578,-36.04515852,Major
9562,-36.36108879,Major
9556,-36.60390821,Major
9553,-37.36165185,Major
9552,-36.03120144,Major
9551,-35.98653943,Major
9548,-35.25007578,Major
9546,-35.85678389,Major
9532,-35.95147039,Major
9531,-36.16144696,Major
9527,-35.66543178,Major
9526,-36.82947829,Major
7328,-36.09094394,Major
7327,-35.34981886,Major
6961,-35.86288021,Major
6933,-37.34515603,Major